top_k,recall_at_k,mrr,ndcg_at_k,answer_keyword_score,faithfulness,citation_relevance,success_count,generation_failure_count,context_selection_failure_count,retrieval_failure_count
1,0.8571428571428571,0.8571428571428571,0.8571428571428571,0.6904761904761905,1.0,0.8571428571428571,3,3,0,1
2,1.0,0.9285714285714286,0.9472756790816368,0.6904761904761905,1.0,0.8571428571428571,3,3,1,0
3,1.0,0.9285714285714286,0.9472756790816368,0.6904761904761905,1.0,0.8571428571428571,3,3,1,0
5,1.0,0.9285714285714286,0.9472756790816368,0.6904761904761905,1.0,0.8571428571428571,3,3,1,0
