mode,recall_at_3,answer_keyword_score,faithfulness,citation_relevance,abstained
baseline_only,0.8571428571428571,0.8571428571428571,1.0,0.8571428571428571,0.14285714285714285
evidence_only,0.8571428571428571,0.8571428571428571,1.0,0.8571428571428571,0.14285714285714285
abstention_only,0.8571428571428571,0.8571428571428571,1.0,0.8571428571428571,0.42857142857142855
adaptive,0.8571428571428571,1.0,1.0,1.0,0.2857142857142857
